perfil,qtd_airbnb,com_preco,cobertura,qtd_viva,preco_med,area_med,preco_m2,diaria,receita_60,retorno_bruto_60,lucro_60,roi_60,payback_60,robustez,alta,condo_med,iptu_med
Studio Centro (0q),2,0,0.0,0,,,,,,,,,,insuficiente,0,,
1q Centro,116,78,67.24137931034483,22,890000.0,42.0,14574.27536231884,450.0,97200.0,10.921348314606742,67844.0,7.622921348314607,13.118330287129297,robusto,31,500.0,1000.0
Compactos Centro (0q+1q),118,78,66.10169491525424,22,890000.0,42.0,14574.27536231884,450.0,97200.0,10.921348314606742,67844.0,7.622921348314607,13.118330287129297,pequeno (Viva <30),31,500.0,1000.0
2q Centro,183,65,35.51912568306011,89,1150000.0,86.0,13068.181818181818,580.0,125280.0,10.89391304347826,89120.0,7.7495652173913046,12.90394973070018,robusto,34,500.0,1000.0
2q Meia Praia,723,187,25.864453665283545,244,1075000.0,85.0,12929.347826086956,460.0,99360.0,9.242790697674419,66676.0,6.202418604651163,16.122742816005758,robusto,151,500.0,980.0
3q Meia Praia,1451,327,22.53618194348725,1704,1884860.0,129.0,14957.264957264957,700.0,151200.0,8.021815943889731,106860.0,5.669386585741116,17.63859255100131,robusto,242,600.0,1500.0
2q Morretes,229,51,22.270742358078603,1044,790000.0,69.0,11551.33308345827,498.0,107568.0,13.616202531645568,77892.8,9.859848101265824,10.142144074933755,robusto,30,350.0,700.0
4q Meia Praia,286,60,20.97902097902098,1327,3600000.0,188.0,18518.51851851852,1075.0,232200.0,6.45,167940.0,4.665,21.436227224008576,robusto,33,942.5,3000.0
3q Centro,211,45,21.32701421800948,438,2100000.0,131.0,15789.473684210527,790.0,170640.0,8.125714285714286,124244.0,5.916380952380952,16.902224654711695,moderado,22,617.0,1300.0
