airbnb_listing_id,qtd_registros,qtd_datas_distintas,price_min,price_max,price_medio,price_mediano,primeiro_preco,ultimo_preco,acima_p99
1002341236260011015,54,54,350.0,400.0,351.85185185185185,350.0,400.0,350.0,False
1002785860497857801,198,80,438.0,845.0,600.1641414141415,600.0,813.0,532.6,False
1004496327455456339,214,81,250.0,823.0,402.64953271028037,380.0,698.0,250.0,False
1004910078575857573,73,27,680.0,925.0,765.4794520547945,750.0,925.0,750.0,False
1005860682746801029,128,75,385.0,550.0,399.3671875,385.0,403.0,386.5,False
1005958896607152946,161,55,200.0,360.0,249.7826086956522,240.0,300.0,200.0,False
1006396584243125090,208,83,361.0,1064.0,574.9787653846154,601.0,963.0,524.3333,False
1008029204257210230,178,68,270.0,385.0,321.6753278651686,315.0,324.0,350.0,False
1011115904222911872,204,79,280.0,3055.5,809.5878269607844,700.0,850.0,280.0,True
1011714999685071594,57,28,530.0,557.0,556.5263157894736,557.0,557.0,530.0,False
1014245162199655907,108,43,500.0,609.7,572.6712962962963,600.0,600.0,500.0,False
1015691857467598452,165,55,972.0,1296.0,1272.4363636363637,1296.0,1296.0,1296.0,False
1016100494032497541,78,78,224.0,498.0,370.6923076923077,369.0,349.0,274.0,False
1019041007385326527,43,43,453.0,1257.0,675.8255813953489,575.0,897.0,453.0,False
1019453731090411731,205,85,342.0,606.6667,452.88211385365855,380.0,585.0,380.0,False
1019756845213291605,72,72,161.0,196.0,173.32638888888889,179.0,179.0,179.0,False
1021217453140595481,46,46,330.0,700.0,398.82608695652175,330.0,700.0,330.0,False
1023885231203292759,203,80,405.0,750.0,520.7996715270937,490.0,550.0,501.66666,False
1024067179174522246,70,70,179.0,320.0,215.5504762857143,200.0,207.0,200.0,False
1025356251415331533,80,36,300.0,500.0,368.675,350.0,500.0,350.0,False
10266012,58,58,113.0,125.0,121.25,125.0,117.0,125.0,False
1028988415727336651,70,70,405.0,815.0,561.97619,570.0,670.0,405.0,False
1030981527494824971,74,27,225.0,483.0,297.98873891891895,250.0,483.0,400.0,False
1031938290013047428,217,82,471.0,1403.0,660.0380184331797,627.0,660.0,1403.0,False
1032037416009523135,37,37,521.0,556.0,550.7972972972973,556.0,556.0,521.0,False
1033202997223117530,29,29,1790.0,2979.0,1938.8908034482758,1800.0,2979.0,1800.0,True
10340400,18,6,300.0,300.0,300.0,300.0,300.0,300.0,False
1034873975277447845,147,62,575.0,2090.0,880.3985258503401,732.0,704.0,1100.0,False
1035628196408986358,102,43,752.0,1870.0,1025.3398686274509,941.0,1210.0,1870.0,False
1036955655225647222,70,70,400.0,530.0,463.07142857142856,500.0,530.0,400.0,False
1037004838842410100,35,35,220.0,440.0,310.7857142857143,330.0,440.0,220.0,False
1037047027853581998,95,43,801.0,1791.0,1035.8394736842106,890.0,1090.0,890.0,False
1039235354309448898,189,75,150.0,450.0,204.4973544973545,150.0,350.0,150.0,False
1042032092670718662,72,29,385.0,495.0,411.5138888888889,402.0,495.0,402.0,False
1043497443334655968,42,42,870.0,888.6667,870.8373023809525,870.0,870.0,886.5,False
1043599286749467076,62,62,343.0,961.0,501.05645161290323,402.25,500.0,343.0,False
1044223371798078486,70,70,600.0,1300.0,801.0714285714286,800.0,1300.0,600.0,False
1044458170286255125,138,55,700.0,1250.0,1013.1986724637682,1100.0,1250.0,700.0,False
1045077329214831775,31,31,800.0,800.0,800.0,800.0,800.0,800.0,False
1045459185575382038,248,93,350.0,1000.0,550.9274193548387,550.0,500.0,350.0,False
1045520246239520927,148,81,900.0,1021.5,951.4561493243244,953.57145,900.0,1000.0,False
1045592510645908121,65,65,450.0,622.0,502.9846153846154,500.0,450.0,500.0,False
1045916135727198441,150,59,560.0,1023.0,688.6816673333334,650.0,850.0,560.0,False
1046547202929220520,147,59,315.0,600.0,415.1524942857143,412.5,432.0,359.5,False
1047723626454445067,269,104,1175.0,1750.0,1637.7726156133829,1750.0,1567.5,1750.0,False
1048804459244346908,205,82,630.0,1200.0,709.6292682926829,700.0,1200.0,800.0,False
1049417084065072931,18,12,600.0,717.0,646.25,647.25,600.0,717.0,False
1050857413300266721,150,58,471.0,1210.0,673.5866666666667,575.0,836.0,471.0,False
1052110098791057231,101,53,471.0,1403.0,673.7920792079208,575.0,660.0,1403.0,False
1052490589225547467,174,67,585.0,881.0,709.3215994252873,719.125,720.0,700.0,False
1053030252161966865,83,83,252.0,320.0,276.72289156626505,280.0,280.0,280.0,False
1053132609735844516,33,11,600.0,1200.0,956.060606060606,1000.0,1000.0,600.0,False
1053425333694349352,48,48,150.0,260.0,195.72916666666666,185.0,260.0,180.0,False
1053522951026570547,208,86,499.0,1375.0,670.247275,659.55,850.0,606.0,False
1053625763515857065,72,72,299.0,761.0,494.7997694444445,450.0,580.0,399.66666,False
1053851019443958006,243,90,430.0,750.0,575.9787374485596,520.0,750.0,500.0,False
1054265461023254222,166,67,350.0,904.0,534.0240963855422,500.0,800.0,350.0,False
1055163452693752832,173,72,500.0,833.5,557.5115606936416,500.0,800.0,500.0,False
1056816282920055514,169,63,540.0,756.0,564.56410295858,540.0,756.0,540.0,False
1056827534457537585,235,92,249.0,549.0,359.83156038297875,349.0,399.0,303.0,False
1057137469420115073,184,78,471.0,1650.0,720.0122282608696,575.0,935.0,825.0,False
1057964852411462810,204,77,250.0,450.0,342.8186274509804,300.0,450.0,275.0,False
1058193595817353204,89,33,300.0,600.0,394.5561797752809,400.0,600.0,300.0,False
1058777213156843238,47,26,341.0,621.0,443.0851063829787,360.0,621.0,341.0,False
1060712994513047104,188,78,299.0,605.0,448.09973404255317,427.0,599.0,399.0,False
1062221285605590578,135,82,500.0,950.0,589.3841266666666,500.0,950.0,500.0,False
1062615116593634676,150,66,400.0,650.0,441.02,400.0,650.0,500.0,False
1063807278503566143,160,67,299.0,689.0,486.825,485.0,689.0,299.0,False
1066545050089987954,186,81,400.0,700.0,471.7204301075269,400.0,500.0,400.0,False
1067320906990424780,156,61,471.0,990.0,614.2532051282051,538.25,867.0,836.0,False
1070343877574441166,33,22,200.0,500.0,317.5,300.0,500.0,300.0,False
1074031328011239995,178,102,1200.0,2500.0,1856.7724719101125,2000.0,2000.0,1500.0,True
1074829679064875721,6,6,749.0,749.0,749.0,749.0,749.0,749.0,False
1075444278753674442,45,45,275.0,796.0,600.4666666666667,650.0,275.0,450.0,False
1075503699104403085,69,69,800.0,1400.0,995.968115942029,800.0,1200.0,800.0,False
1077396104359577731,39,20,550.0,700.0,603.0213666666666,600.0,700.0,550.0,False
1081972140987250431,162,63,471.0,1403.0,672.408950617284,586.0,770.0,1403.0,False
1082133757143221839,25,17,1200.0,1305.5,1211.253336,1200.0,1200.0,1200.0,False
1082746592587689161,44,44,390.0,975.0,591.6477272727273,390.0,975.0,390.0,False
1083196219974177016,57,57,315.0,439.0,333.7543859649123,315.0,315.0,350.0,False
1083301106167776779,71,30,430.0,530.0,481.6901408450704,477.0,530.0,430.0,False
1083424325445690046,54,54,500.0,790.0,602.6234574074074,550.0,635.0,552.5,False
1083633025910461931,46,46,210.0,500.0,314.1304347826087,310.0,350.0,210.0,False
1084601543056055517,63,63,1300.0,1649.0,1357.079365079365,1400.0,1649.0,1400.0,False
1085437829031467755,77,45,500.0,1000.0,690.3572514285714,600.0,1000.0,500.0,False
1086855144095843601,68,68,250.0,1000.0,493.20833323529416,490.0,560.0,268.0,False
1088251024341369589,20,14,550.0,700.0,612.5,600.0,650.0,700.0,False
1091408953130822622,48,48,280.0,520.0,310.625,280.0,440.0,280.0,False
10982940,75,75,1800.0,1800.0,1800.0,1800.0,1800.0,1800.0,False
1100720037663116812,155,66,616.0,1980.0,1099.7048387096775,980.0,748.0,752.0,False
1100991386372756521,252,95,750.0,1200.0,826.0555555555555,800.0,750.0,750.0,False
11044577,55,55,295.0,464.5,384.6154545454546,378.0,419.0,295.0,False
1111626053814730010,172,70,502.0,1403.0,716.0726744186046,612.0,1029.0,1403.0,False
1124052077567202180,23,20,700.0,1200.0,880.2608695652174,700.0,700.0,1200.0,False
1125970477826966385,174,68,396.0,1155.0,634.6628350574713,575.0,586.0,733.3333,False
1131810056799937593,207,81,575.0,1403.0,775.5664251207729,680.0,753.0,1403.0,False
1137698308528017474,132,53,471.0,1210.0,707.5915401515151,650.25,770.0,1122.0,False
1139831117529014384,213,82,480.0,1100.0,625.9906103286385,610.0,640.0,480.0,False
1147824179020677628,113,49,330.0,660.0,466.3407079646018,440.0,660.0,440.0,False
11508986,13,13,324.0,373.0,348.7307692307692,354.0,366.0,373.0,False
1153493820067017135,144,57,319.75,585.0,405.34953680555554,396.25,504.0,524.75,False
1153552657765472365,78,35,297.0,574.0,393.9679492307692,344.75,477.0,487.5,False
11567423,169,67,690.0,1020.0,856.9881656804733,790.0,1020.0,697.0,False
1161796266594364332,38,31,250.0,500.0,460.5263157894737,450.0,500.0,450.0,False
1161927707286622818,85,38,190.0,317.0,235.59095211764702,246.0,291.0,228.0,False
1163772289534164479,171,68,1530.0,2712.5,1810.4795321637428,1700.0,2500.0,1700.0,True
1171049670344322120,61,61,599.0,1099.0,678.1803278688525,599.0,669.0,799.0,False
1173260792743932663,94,36,922.0,1412.0,1113.5992936170212,1109.0,1183.0,1399.0,False
1174263938200349649,239,89,400.0,1200.0,568.8507665271966,500.0,483.0,512.0,False
1179103047052148475,103,47,543.0,990.0,686.2233009708738,640.5,990.0,941.0,False
1181723518413479765,86,86,400.0,800.0,524.3837209302326,450.0,600.0,400.0,False
1181933658424522281,192,77,293.0,523.0,387.06814249999996,374.16667,317.0,523.0,False
1181944920258781413,216,87,317.0,523.0,391.5123458333333,374.5,457.0,523.0,False
1181971107577983158,200,81,308.0,523.0,388.1420835,372.0,383.0,523.0,False
1182018398755268829,178,73,508.5,990.0,711.1587078651686,644.0,713.0,784.0,False
1182028381058524086,142,70,418.0,902.0,608.5751176056339,598.75,539.0,623.3333,False
1182040498646675653,163,66,519.0,1196.0,721.9340490797546,644.0,891.0,575.0,False
1182043782165637473,192,75,418.0,902.0,597.9548614583333,592.33335,539.0,660.0,False
1182070530301053205,174,76,418.0,902.0,598.0665712643678,575.0,539.0,623.3333,False
1182188163181410725,82,82,597.0,2000.0,934.5365853658536,850.0,850.0,1500.0,False
1183418487997408853,160,63,418.0,902.0,597.14895875,575.0,674.0,660.0,False
1184078920130796920,70,70,250.0,700.0,414.3142857142857,407.5,300.0,400.0,False
1184152596221501552,197,81,418.0,902.0,598.165821319797,601.0,674.0,660.0,False
1187061700423806804,196,75,418.0,902.0,608.5170071428572,608.0,641.0,660.0,False
1187558666042801587,169,71,421.0,1210.0,648.9082840236687,564.0,768.0,770.0,False
1187772975255244525,170,67,293.0,526.0,397.9529414117647,384.0,380.0,517.6667,False
1188323084225041810,185,73,418.0,902.0,601.8693691891892,599.5,616.0,623.3333,False
1188339469325210376,186,73,418.0,895.75,604.3319897849462,601.0,539.0,660.0,False
1188476386889166335,193,79,418.0,902.0,599.7974958549223,607.0,616.0,623.3333,False
1189331897618015345,207,86,508.5,990.0,719.632447826087,693.0,990.0,773.3333,False
1191261348067720296,168,67,508.5,990.0,702.053075,644.0,713.0,784.0,False
1191386301072209798,180,73,418.0,782.0,593.15463,600.0,674.0,549.0,False
1192836728602105901,189,77,418.0,895.75,594.9351857142857,600.0,539.0,660.0,False
1193347652334673191,169,66,533.0,1820.0,959.2254437869823,1025.0,1025.0,533.0,False
1193414131980072087,160,66,508.5,935.0,686.7645825,627.0,634.0,784.0,False
1193496259129259761,221,86,508.5,990.0,720.6557312217194,723.0,864.0,773.3333,False
1193657356522503551,70,70,702.0,864.0,727.4571428571429,702.0,864.0,702.0,False
1195858349379362032,153,65,280.0,1219.5,864.7156862745098,945.0,850.0,303.0,False
1197121947398131654,168,73,352.0,523.0,398.0967261904762,383.0,418.0,523.0,False
1197195878719681680,189,76,333.0,526.0,400.62522084656086,384.0,457.0,517.6667,False
1198703061430420363,93,40,253.0,646.0,391.2956989247312,400.0,400.0,500.0,False
1199996219082185363,165,65,100.0,350.0,227.88484848484848,200.0,350.0,150.0,False
1203075817950465589,87,72,1400.0,1540.0,1411.3793103448277,1400.0,1520.0,1400.0,False
1203140233522044896,222,88,282.0,650.0,471.45885900900896,506.0,605.0,427.0,False
12067632,74,34,580.0,900.0,721.1063067567568,720.0,720.0,580.0,False
1207335703563012811,211,82,427.0,523.0,434.22709317535544,427.0,457.0,523.0,False
1207338410880339003,227,86,427.0,523.0,435.0734215859031,427.0,429.0,523.0,False
1207383031689344642,192,76,400.0,900.0,674.9166666666666,800.0,800.0,400.0,False
1207864392976162235,230,98,350.0,900.0,554.8304347826087,600.0,900.0,350.0,False
1207881809440158991,235,92,427.0,523.0,434.6496455319149,427.0,427.0,523.0,False
1207940918769840398,195,77,333.0,523.0,399.22906,382.0,430.0,523.0,False
1207992119242235910,221,89,330.0,523.0,390.0867271493213,374.5,476.0,523.0,False
1208704132667695539,241,95,564.0,802.0,616.2873443983402,600.0,732.0,575.0,False
1208718899534488031,223,90,427.0,523.0,435.0926757847534,427.0,427.0,523.0,False
1208735754877396448,208,83,427.0,523.0,433.66346153846155,427.0,427.0,523.0,False
1208746927423730353,203,79,330.0,523.0,394.4072251231527,379.0,457.0,523.0,False
1208757710030861160,206,87,330.0,523.0,389.2944985436893,372.0,407.0,523.0,False
1208757855935244741,200,82,330.0,523.0,393.9708335,374.5,457.0,523.0,False
1209010210831577821,77,77,1000.0,1531.6666,1082.6623376623377,1000.0,1500.0,1000.0,False
1213824251801309412,187,72,680.0,2468.0,1125.2098930481284,993.0,1430.0,1683.0,True
1214464056304542513,203,87,508.5,990.0,711.8830049261084,668.6667,727.0,784.0,False
1216602433904805187,204,85,418.0,902.0,600.348856372549,607.0,674.0,660.0,False
1218889785346856352,30,30,505.0,813.0,574.7,505.0,708.0,813.0,False
1219597802580113056,191,78,418.0,902.0,602.279232460733,607.0,431.0,660.0,False
1219655958873769070,194,84,508.5,990.0,709.1632304123711,660.16665,727.0,773.3333,False
1226846054624436877,210,93,508.5,990.0,714.6511904761904,693.0,792.0,773.3333,False
1226856286781952840,214,86,508.5,990.0,720.3633177570093,729.5,792.0,773.3333,False
1229942592150628971,25,25,195.0,949.0,342.34,220.0,200.0,195.0,False
1233370107101543516,136,60,352.0,577.0,409.8952205882353,380.5,452.0,523.0,False
1233973103621276698,155,69,317.0,523.0,398.7967741935484,383.0,317.0,523.0,False
1233994658216308874,141,61,292.0,662.0,410.6914893617021,377.0,334.0,523.0,False
1234084273027568746,144,60,293.0,541.0,399.98726875,376.0,360.0,523.0,False
12359560,100,51,550.0,950.0,700.336661,602.5,950.0,946.3333,False
1236367599770739400,59,59,450.0,600.0,579.1864406779661,600.0,450.0,600.0,False
1238321506456103932,198,76,528.0,1087.0,760.2575757575758,770.0,868.0,825.0,False
1242002119123644781,90,90,5500.0,6000.0,5622.6611111111115,5500.0,6000.0,6000.0,True
1242713378625026725,206,83,440.0,902.0,636.9579281553398,660.0,539.0,660.0,False
1247028916537033972,75,75,1700.0,2133.0,1761.7733333333333,1700.0,2000.0,1700.0,False
1248514191377483703,214,87,282.0,990.0,525.7079439252336,495.0,544.0,935.0,False
1248685472424986601,38,38,223.0,371.0,292.2368421052632,280.5,340.0,322.0,False
12490354,63,63,600.0,799.0,748.5075777777778,749.0,749.0,600.0,False
1249371220066552412,180,69,418.0,902.0,598.2648155555556,599.0,674.0,660.0,False
1249385754807434824,192,78,418.0,902.0,600.5720489583333,607.0,782.0,660.0,False
1249919049392818339,222,91,418.0,1045.0,602.7856608108108,545.0,784.0,880.0,False
1250122800440869898,154,85,528.0,1087.0,806.422077922078,887.125,891.0,528.0,False
1254384361135492137,226,86,396.0,1155.0,638.1924778761062,604.0,732.0,770.0,False
1254489827996538747,74,74,800.0,1470.0,1238.6441432432432,1190.0,1387.0,800.0,False
1257312272803306995,210,82,418.0,792.0,558.9984128571429,545.0,660.0,715.0,False
1259534245145609058,143,60,330.0,900.0,444.06282027972026,384.0,411.0,523.0,False
1260073533686146608,187,76,317.0,900.0,437.0,377.0,396.0,523.0,False
1262982199583014782,197,83,528.0,1087.0,754.6294416243654,703.3333,727.0,825.0,False
1263128865886946817,235,93,418.0,802.0,592.0514187234043,607.0,674.0,575.0,False
1264729892004302735,35,35,405.0,531.0,455.84,450.0,405.0,450.0,False
1265161823691467042,206,82,440.0,902.0,640.358413592233,660.0,674.0,660.0,False
1265295313956605287,203,79,363.0,523.0,397.36165862068964,372.0,476.0,523.0,False
1265370363028714118,201,84,363.0,569.0,399.53855721393035,382.0,457.0,523.0,False
1266717192483343855,62,62,550.0,900.0,600.0,550.0,650.0,550.0,False
1267332355220608617,69,69,550.0,850.0,668.5797101449275,699.0,715.0,550.0,False
1268755217310742256,37,37,720.0,800.0,791.3513513513514,800.0,720.0,800.0,False
1268889705366032062,128,65,1000.0,1162.0,1005.0625,1000.0,1000.0,1000.0,False
1269623861253689862,154,65,293.0,581.0,407.3966448051948,380.0,380.0,523.0,False
1269636598524749154,188,76,317.0,523.0,392.74024840425534,374.5,380.0,523.0,False
1271171762063321920,56,56,350.0,1200.0,581.25,650.0,650.0,500.0,False
1272260793182499350,45,45,405.0,614.0,569.5251853333333,582.0,614.0,582.0,False
1272537775161574422,139,56,359.0,1100.0,566.3597122302158,495.0,523.0,770.0,False
1274055523929375490,224,91,418.0,1045.0,606.8991816964286,545.0,770.0,880.0,False
1274533646308060247,226,86,396.0,1155.0,625.2028017699115,601.25,697.0,770.0,False
1274679812745645557,210,88,418.0,902.0,594.6753971428572,607.0,539.0,660.0,False
1276789839775235217,43,43,150.0,650.0,430.06976744186045,500.0,500.0,200.0,False
1277103969415516416,54,54,423.0,506.0,454.006172962963,470.0,423.0,470.0,False
1277671971539993475,30,30,250.0,480.0,281.9166666666667,273.5,480.0,275.0,False
1280559161534348023,210,86,550.0,902.0,626.4492066666667,597.83335,674.0,660.0,False
1282577030741754149,182,72,293.0,523.0,398.86630054945056,382.0,380.0,523.0,False
1282585098065467787,167,65,293.0,523.0,399.4261479041916,382.0,366.0,523.0,False
1283982403734255309,169,67,418.0,902.0,593.4635112426035,586.6667,701.0,660.0,False
1284110666632259028,190,77,418.0,902.0,600.6614042105264,600.0,539.0,660.0,False
1285538056394050628,249,97,508.5,1584.0,1079.0913654618473,1320.0,1320.0,784.0,False
1286394668026043637,85,85,1500.0,3116.0,2028.7058823529412,2000.0,2640.0,1500.0,True
1292815457899461748,149,72,508.5,1719.0,717.8842281879195,644.0,713.0,867.0,False
12931525,110,46,350.0,700.0,417.57272672727265,400.0,360.0,450.0,False
1297930390704189766,205,85,396.0,1045.0,596.7044717073171,545.0,660.0,880.0,False
1297930815921503919,199,76,582.5,1524.0,930.051088442211,871.0,1033.0,1045.0,False
1303745304497797235,213,85,508.5,990.0,714.5645539906103,691.0,762.0,784.0,False
1304403734260231676,242,101,352.0,990.0,643.0599173553719,641.625,836.0,836.0,False
1304433283397417052,170,66,836.0,1672.0,1105.9441176470589,967.25,1210.0,1320.0,False
1307990676918354925,226,87,418.0,902.0,605.7382008849557,607.0,674.0,660.0,False
1311575286815584867,82,82,589.0,1567.0,790.9603670731708,753.0,1567.0,988.0,False
1312949509621922876,213,86,396.0,1155.0,647.1384976525821,627.0,770.0,770.0,False
1313064371372817918,252,98,880.0,1100.0,976.031746031746,880.0,1100.0,880.0,False
1314095834089788250,78,78,700.0,1146.6666,794.9188051282051,800.0,747.0,800.0,False
1315954985293478319,260,102,418.0,1320.0,811.6538461538462,950.0,1056.0,660.0,False
1317427472349939673,91,91,1000.0,1000.0,1000.0,1000.0,1000.0,1000.0,False
1318315111310867765,81,81,663.0,1200.0,752.7510283950617,700.0,663.0,830.0,False
1318376138623084691,85,85,760.0,833.0,785.413725882353,786.6667,800.0,776.0,False
1320994692912931266,248,99,858.0,1430.0,1087.4173387096773,865.0,1045.0,1430.0,False
1320995339425720277,202,87,523.0,1648.3334,742.5435648514851,672.0,979.0,784.0,False
1321022086036905023,234,91,770.0,1430.0,899.7364675213676,858.0,1045.0,1024.0,False
1321134786322096510,214,88,419.0,1672.0,724.5619158878504,634.0,693.0,1100.0,False
1329787295308110610,71,71,935.0,935.0,935.0,935.0,935.0,935.0,False
1333504785474035960,82,82,484.0,691.0,588.6463414634146,616.0,616.0,660.0,False
13522176,32,32,1500.0,3900.0,2397.796875,2300.0,2300.0,1500.0,True
14872547,64,64,450.0,880.0,613.26953125,690.75,730.0,450.0,False
14884678,71,42,550.0,595.0,577.887323943662,595.0,595.0,550.0,False
15024197,18,18,800.0,800.0,800.0,800.0,800.0,800.0,False
15500038,208,88,345.0,750.0,508.6462341346154,428.2,750.0,380.0,False
15523493,148,58,390.0,1000.0,671.5625,800.0,1000.0,390.0,False
15549803,104,45,490.0,1490.0,775.5673076923077,490.0,1490.0,490.0,False
15732070,100,63,750.0,790.0,769.668333,766.5,790.0,750.0,False
15754075,111,37,600.0,950.0,682.1801783783783,600.0,950.0,600.0,False
15791567,35,35,500.0,700.0,580.0,550.0,700.0,500.0,False
15909831,189,78,600.0,870.0,752.6269846560847,790.0,870.0,600.0,False
15934309,174,70,680.0,1000.0,806.0862068965517,790.0,830.0,680.0,False
15980018,39,22,400.0,400.0,400.0,400.0,400.0,400.0,False
15980108,39,39,1500.0,1500.0,1500.0,1500.0,1500.0,1500.0,False
16017693,108,36,455.0,1300.0,867.3321000000001,910.0,1021.0,455.0,False
16105751,72,31,250.0,500.0,273.2916666666667,250.0,500.0,250.0,False
16177778,232,92,600.0,1000.0,757.701724137931,810.0,1000.0,600.0,False
16253828,192,73,1500.0,1819.3334,1605.1979166666667,1610.6666,1766.0,1666.0,False
16270332,54,54,800.0,1000.0,896.2962962962963,900.0,900.0,1000.0,False
16321793,193,74,450.0,750.0,530.9430051813472,450.0,650.0,450.0,False
16350860,65,65,380.0,703.0,603.9346153846154,653.0,663.0,380.0,False
16451544,66,31,500.0,500.0,500.0,500.0,500.0,500.0,False
16527828,87,87,980.0,1311.5,1055.7931034482758,1050.0,1190.0,980.0,False
16570256,47,47,336.85715,580.8571,497.8892123404255,523.0,405.0,336.85715,False
16586622,165,80,400.0,880.0,636.817373939394,600.0,800.0,560.0,False
16618715,215,88,620.0,1203.25,791.5941860465116,790.0,700.0,700.0,False
16644316,67,67,650.0,1150.0,818.2388059701492,770.0,1150.0,650.0,False
16662563,186,62,1728.0,1728.0,1728.0,1728.0,1728.0,1728.0,False
16730935,89,89,250.0,250.0,250.0,250.0,250.0,250.0,False
16992951,172,71,450.0,1100.0,644.9651162790698,500.0,990.0,450.0,False
17013106,59,59,1500.0,2500.0,1770.3389830508474,1500.0,2500.0,1500.0,True
17034886,46,46,446.0,1685.0,832.75,446.0,1188.0,446.0,False
17294276,90,47,700.0,1650.0,992.68889,850.0,1000.0,700.0,False
17511306,62,62,850.0,1280.0,1007.8548387096774,1100.0,1100.0,850.0,False
17570590,114,68,1158.0,2320.5,1560.2456140350878,1574.0,1830.0,1532.0,True
18395333,166,64,500.0,800.0,611.8915662650602,600.0,800.0,500.0,False
18505349,65,30,536.0,699.0,634.5076923076923,650.0,658.0,575.0,False
18506998,41,20,350.0,457.0,373.4878048780488,350.0,457.0,350.0,False
18735821,44,44,250.0,277.0,250.61363636363637,250.0,250.0,250.0,False
1977915,159,67,700.0,1300.0,864.3805037735849,850.0,1000.0,943.75,False
20555680,19,19,200.0,200.0,200.0,200.0,200.0,200.0,False
20618105,127,44,600.0,750.0,649.4862763779528,634.3333,680.0,750.0,False
20863370,18,18,500.0,535.0,507.93055555555554,500.0,533.0,500.0,False
20943549,160,65,250.0,600.0,425.261874875,400.0,600.0,277.6,False
21025393,81,36,650.0,900.0,740.7201641975308,750.0,750.0,750.0,False
21077682,110,57,590.0,1394.6666,791.9090900000001,670.3333,1090.0,590.0,False
21091876,231,91,700.0,900.0,767.8160173160173,700.0,900.0,900.0,False
21103486,168,66,180.0,570.0,357.3311225595238,350.0,540.0,180.0,False
21103807,71,71,600.0,2000.0,1081.6901408450703,1450.0,1450.0,600.0,False
21280090,158,64,765.0,975.0,825.9509493670886,850.0,975.0,850.0,False
21295667,132,53,450.0,1000.0,679.2234837878788,517.0,820.0,1000.0,False
21324331,93,34,503.0,1109.0,797.9677419354839,802.0,802.0,503.0,False
21397811,185,68,500.0,1100.0,710.9806302702702,600.0,900.0,500.0,False
21436592,67,67,490.0,690.0,528.8059701492538,490.0,490.0,490.0,False
21454457,29,15,130.0,320.0,211.6551724137931,172.0,320.0,172.0,False
21545686,180,72,269.0,420.0,321.54055555555556,269.0,380.0,269.0,False
21552865,85,29,650.0,825.0,739.964705882353,750.0,750.0,800.0,False
21607605,47,47,650.0,1200.0,779.0921978723404,650.0,1000.0,650.0,False
21632405,119,53,359.5,816.0,505.2117655462185,408.0,656.0,380.0,False
21662762,90,36,120.0,510.0,317.9222222222222,300.0,500.0,190.0,False
21695053,213,82,664.0,990.0,757.6960093896714,720.0,880.0,855.0,False
21734892,168,68,520.0,1110.0,792.4940476190476,800.0,850.0,800.0,False
21743476,56,56,580.0,943.3333,692.08295,650.0,653.0,689.0,False
21780661,63,63,300.0,600.0,478.25396825396825,600.0,340.0,600.0,False
22047595,153,60,500.0,1450.0,700.8376901960784,620.0,650.0,869.0,False
22190101,111,46,250.0,400.0,277.5527778378378,250.0,400.0,250.0,False
22191680,208,80,195.0,800.0,460.52884615384613,400.0,700.0,195.0,False
22223346,28,28,450.0,720.0,592.25,590.0,720.0,450.0,False
22231120,80,80,315.0,423.0,334.46041675000004,341.0,350.0,350.0,False
22243318,111,52,480.0,580.0,550.6666666666666,580.0,580.0,480.0,False
22245880,170,72,1046.0,1978.3334,1334.3490235294119,1220.5,1634.0,1316.3334,False
22306996,56,30,155.0,269.0,216.5238092857143,250.0,250.0,155.0,False
22307401,27,27,390.0,450.0,405.18518518518516,400.0,450.0,390.0,False
22335276,67,67,600.0,930.0,713.114428358209,800.0,800.0,697.0,False
22383070,40,40,250.0,450.0,321.2958335,250.0,450.0,250.0,False
22421016,27,9,800.0,880.0,806.1358037037038,800.0,820.0,800.0,False
22421421,131,56,347.0,980.0,434.98854961832063,347.0,850.0,446.0,False
22421606,120,47,333.0,1044.0,440.8,361.0,840.0,333.0,False
22428497,40,40,299.0,299.0,299.0,299.0,299.0,299.0,False
22514231,36,36,300.0,600.0,400.0,300.0,600.0,300.0,False
22648075,65,65,337.66666,539.0,396.66153846153844,348.0,539.0,348.0,False
22739656,181,74,1080.0,1590.0,1243.655617679558,1280.0,1590.0,1100.0,False
22810332,168,65,480.0,487.8,480.0464285714286,480.0,480.0,480.0,False
22901902,238,92,700.0,900.0,721.0091042016807,700.0,790.0,700.0,False
23023313,177,68,350.0,877.0,549.1101694915254,650.0,650.0,550.0,False
23068512,19,19,500.0,700.0,636.9473684210526,700.0,700.0,500.0,False
23078040,54,54,600.0,800.0,774.074074074074,800.0,600.0,800.0,False
23108026,74,74,590.0,1000.0,679.3243243243244,590.0,760.0,590.0,False
23263225,11,11,270.0,300.0,286.40909090909093,283.0,283.0,300.0,False
23299596,36,36,345.0,891.0,612.4444444444445,553.0,723.0,345.0,False
23343001,211,71,450.0,700.0,568.4976303317535,600.0,700.0,450.0,False
23390752,78,78,1299.0,1699.0,1377.2948717948718,1350.0,1299.0,1350.0,False
23779860,32,32,300.0,700.0,406.25,300.0,700.0,525.0,False
23787711,90,90,400.0,400.0,400.0,400.0,400.0,400.0,False
24171739,56,31,357.0,840.0,451.6607142857143,416.0,840.0,400.0,False
25104649,112,57,410.0,1100.0,714.9017857142857,890.0,1100.0,410.0,False
25165914,232,87,300.0,800.0,617.3081896551724,700.0,800.0,700.0,False
25918412,64,64,201.0,634.8,429.68489578125,390.0,485.0,201.0,False
26026295,72,27,340.0,690.0,451.4513888888889,390.0,690.0,340.0,False
26197944,158,75,400.0,586.0,473.1613924050633,450.0,579.0,450.0,False
26334990,155,67,1067.0,1375.0,1219.8892477419356,1200.0,1375.0,1200.0,False
26570136,198,82,500.0,1124.25,702.0586803030303,745.83335,1100.0,725.0,False
26708551,175,72,361.0,1064.0,559.5928565714286,478.0,963.0,412.0,False
26839303,129,52,300.0,1000.0,762.5758395348837,800.0,900.0,300.0,False
26895628,97,40,650.0,1350.0,966.360824742268,850.0,1350.0,650.0,False
26898492,38,38,350.0,500.0,373.6842105263158,350.0,350.0,350.0,False
27022969,150,60,1400.0,1950.0,1726.4677773333333,1808.0,1950.0,1800.0,False
27201205,75,37,500.0,1050.0,697.6355546666666,605.0,1050.0,500.0,False
27338096,89,89,1000.0,1500.0,1383.6067415730338,1350.0,1500.0,1000.0,False
27704027,220,84,650.0,900.0,751.8098481818182,800.0,825.0,750.0,False
27718978,41,24,500.0,580.0,530.7317073170732,500.0,580.0,500.0,False
27910707,81,81,592.0,1831.2,1557.274074074074,1680.0,1775.0,592.0,False
27981528,145,61,280.0,800.0,555.8431034482759,500.0,650.0,280.0,False
28071688,100,41,550.0,1200.0,680.996664,550.0,1200.0,550.0,False
28075525,78,36,240.0,760.0,446.3397435897436,400.0,693.0,450.0,False
28155872,25,25,400.0,400.0,400.0,400.0,400.0,400.0,False
28160414,152,61,498.0,800.0,612.328947368421,498.0,800.0,498.0,False
28366360,185,67,350.0,1800.0,837.0135135135135,1000.0,1000.0,700.0,False
28410850,121,76,494.0,591.0,515.0688702479339,494.0,568.0,494.0,False
28429135,63,63,330.0,990.0,433.16878285714284,330.8,430.0,354.0,False
28932247,99,50,400.0,600.0,495.75252525252523,450.0,600.0,400.0,False
28987242,47,28,507.0,1320.0,646.2340425531914,507.0,1320.0,507.0,False
29008738,136,56,480.0,894.0,573.5882352941177,494.0,894.0,494.0,False
29114516,81,36,300.0,420.25,364.5740740740741,400.0,400.0,400.0,False
29145061,56,56,190.0,738.0,439.5571428571428,500.0,600.0,190.0,False
29302246,58,58,250.0,580.0,394.7241379310345,400.0,450.0,250.0,False
29341170,46,46,349.0,649.0,408.7826086956522,349.0,399.0,349.0,False
2951220,85,85,635.0,1378.4,789.6676470588235,670.0,635.0,648.0,False
29739100,145,89,650.0,1000.0,724.177011724138,720.0,850.0,650.0,False
29761442,28,11,380.0,710.5,512.875,380.0,650.0,380.0,False
29800671,137,75,346.0,1027.0,615.8783459854014,596.0,496.0,679.3333,False
29870406,218,86,450.0,1290.0,818.7767587155963,980.0,1089.0,450.0,False
30032994,144,57,180.0,790.0,428.6111111111111,395.0,750.0,290.0,False
30085847,215,86,490.0,720.0,541.6046514418604,490.0,720.0,680.0,False
30098696,10,10,249.0,249.0,249.0,249.0,249.0,249.0,False
30105402,242,91,500.0,1250.0,802.254820661157,900.0,1181.0,500.0,False
30153564,126,55,199.0,578.75,423.4583331746031,425.5,457.0,457.0,False
30209117,42,42,405.0,675.0,470.35714285714283,450.0,675.0,450.0,False
30271062,76,76,450.0,600.0,534.4868421052631,583.0,583.0,450.0,False
30332330,139,56,220.0,583.0,373.975419352518,350.0,550.0,220.0,False
30354217,27,27,320.0,560.0,347.5740740740741,320.0,560.0,320.0,False
30402651,170,63,549.0,650.0,591.814705882353,550.0,599.0,650.0,False
30491733,145,63,650.0,920.0,800.9721841379311,799.4,910.0,650.0,False
30493854,114,41,450.0,700.0,497.36842105263156,450.0,500.0,450.0,False
30494198,209,89,218.0,801.0,470.85167464114835,520.0,475.0,376.0,False
30519162,91,91,3900.0,3900.0,3900.0,3900.0,3900.0,3900.0,True
30560948,210,85,700.0,1300.0,881.8909528571429,700.0,1300.0,700.0,False
30617740,71,71,500.0,763.0,556.4929577464789,500.0,650.0,500.0,False
30756202,76,76,500.0,727.6667,564.8377197368421,550.0,500.0,550.0,False
30785010,139,58,380.0,996.0,524.8525179856115,430.0,750.0,450.0,False
30795921,22,22,1500.0,1500.0,1500.0,1500.0,1500.0,1500.0,False
30910938,139,56,450.0,650.0,473.8273381294964,450.0,583.0,650.0,False
30922946,71,71,130.0,322.0,199.6056338028169,150.0,270.0,130.0,False
31055581,160,69,325.0,605.0,416.99375,415.0,605.0,325.0,False
31059537,180,78,439.0,1536.5,837.8356466666665,830.25,999.0,499.0,False
31069380,61,21,629.0,999.0,783.4344262295082,809.0,809.0,899.0,False
31084342,53,53,600.0,1400.0,814.1509433962265,800.0,1400.0,1000.0,False
31115702,46,46,297.5,450.0,339.07608695652175,300.0,450.0,297.5,False
31122806,25,25,500.0,900.0,564.0,500.0,900.0,500.0,False
31141252,38,38,300.0,600.0,402.63157894736844,300.0,500.0,300.0,False
31167122,85,85,10000.0,10000.0,10000.0,10000.0,10000.0,10000.0,True
31169655,65,65,330.0,534.0,404.71923076923076,375.0,515.0,330.0,False
31278015,56,56,430.0,750.0,504.2857142857143,430.0,750.0,430.0,False
31284638,87,40,700.0,1300.0,932.0689655172414,990.0,1300.0,700.0,False
31380471,186,78,500.0,1350.0,890.7798387096774,800.0,1342.0,750.0,False
31397917,15,15,250.0,29000.0,2173.3333333333335,250.0,250.0,29000.0,True
31430342,59,59,450.0,675.0,463.9830508474576,450.0,450.0,450.0,False
31441134,180,103,1500.0,1900.0,1514.7666666666667,1500.0,1900.0,1758.0,False
31454750,59,59,437.0,998.0,544.4661016949152,479.0,437.0,437.0,False
31511990,86,86,450.0,597.0,483.43023255813955,500.0,450.0,500.0,False
31530689,213,90,700.0,950.0,707.6032863849765,700.0,750.0,700.0,False
31543199,105,44,631.0,1170.0,772.5166666666667,700.0,1005.0,801.0,False
31560419,108,47,349.0,449.0,421.22222222222223,449.0,449.0,349.0,False
31682871,120,41,290.0,500.0,320.59999983333336,290.0,307.0,290.0,False
31859744,196,77,370.0,800.0,506.83673469387753,500.0,570.0,500.0,False
31945494,165,70,270.0,800.0,575.6151509090909,630.0,650.0,270.0,False
31972121,59,59,300.0,458.0,344.06779661016947,350.0,326.0,350.0,False
32134287,84,84,460.0,819.0,652.1904761904761,750.0,750.0,490.0,False
32185033,104,41,950.0,2000.0,1263.9423076923076,1300.0,2000.0,950.0,False
32234626,38,38,360.0,460.0,402.36842105263156,380.0,414.0,360.0,False
32371924,72,33,450.0,740.0,517.3055555555555,488.0,740.0,518.0,False
32443120,13,13,450.0,529.0,512.3974353846154,529.0,507.0,450.0,False
32486859,129,51,718.0,1266.0,911.2829457364342,899.0,1266.0,849.0,False
32585103,135,57,250.0,630.0,449.6962962962963,600.0,630.0,250.0,False
32592683,127,56,850.0,2500.0,1149.5551181102362,1000.0,2500.0,1500.0,True
32600458,125,53,450.0,982.5,590.5906664,511.1111,900.0,450.0,False
32606991,188,77,480.0,749.0,577.3723402127658,550.83335,749.0,536.5,False
3263701,48,26,950.0,1650.0,1533.3333333333333,1650.0,1650.0,950.0,False
32697747,34,34,240.0,580.0,361.99803882352944,350.0,580.0,240.0,False
32766950,48,48,300.0,500.0,320.8333333333333,300.0,500.0,300.0,False
32990586,208,85,800.0,1472.0,1008.7724360576923,1026.0,950.0,800.0,False
33336758,101,36,302.5,648.0,454.379539009901,452.0,520.0,320.0,False
34218930,147,58,525.5,1172.5,760.988831292517,628.5,920.0,640.0,False
34540951,175,70,399.0,1050.0,605.4028571428571,558.0,988.5,549.0,False
34866449,166,74,400.0,942.0,485.58734939759034,400.0,600.0,450.0,False
35481220,227,84,498.0,1000.0,754.5026611894273,700.0,1000.0,498.0,False
35826155,20,20,590.0,590.0,590.0,590.0,590.0,590.0,False
35912580,38,38,300.0,357.0,327.8157894736842,350.0,350.0,350.0,False
35934720,10,10,500.0,500.0,500.0,500.0,500.0,500.0,False
36032020,50,25,450.0,900.0,598.8,550.0,900.0,450.0,False
36632832,191,74,350.0,850.0,576.9188481675393,450.0,850.0,350.0,False
36698654,79,79,950.0,3000.0,1964.5949367088608,1900.0,2600.0,950.0,True
36908385,62,27,455.0,1040.0,650.016129032258,455.0,650.0,455.0,False
37118794,151,62,970.0,1172.0,993.1920529801324,1000.0,1000.0,1000.0,False
37153670,53,53,300.0,617.0,386.8018867924528,400.0,617.0,300.0,False
37347085,241,90,468.0,517.0,492.7219917012448,492.0,492.0,474.0,False
37487828,114,49,350.0,800.0,467.359649122807,380.0,700.0,500.0,False
37494985,220,84,650.0,1100.0,890.382955,900.0,1100.0,650.0,False
37708447,100,44,550.0,1700.0,791.24,700.0,700.0,700.0,False
37744392,79,79,585.0,1000.0,720.9746835443038,680.0,680.0,863.3333,False
37989675,63,63,300.0,514.0,418.4761904761905,400.0,300.0,400.0,False
38262480,78,27,1200.0,1500.0,1305.7692307692307,1200.0,1500.0,1200.0,False
38319706,208,80,400.0,847.0,571.2604163461539,590.0,778.0,450.0,False
38447436,266,101,579.0,1897.0,1048.0977443609022,1127.0,1497.0,875.0,False
38514587,247,92,774.0,951.0,868.5097842105263,874.625,882.0,830.0,False
38616586,38,38,350.0,424.66666,371.54824526315787,367.0,400.0,350.0,False
38638326,198,80,465.0,1080.0,665.3287045454546,675.0,756.0,495.0,False
38693604,168,85,450.0,650.0,596.4285714285714,650.0,650.0,450.0,False
38695314,150,62,300.0,1500.0,629.8933333333333,600.0,790.0,500.0,False
38730549,193,78,618.0,1387.0,807.6088088082902,767.0,1387.0,618.0,False
38800430,80,34,195.0,870.0,443.6625,415.0,600.0,195.0,False
38852725,159,62,450.0,929.0,516.3962264150944,450.0,790.0,450.0,False
38899673,207,78,395.0,743.0,565.7662086956522,500.0,430.0,743.0,False
38957661,122,55,400.0,900.0,546.8852459016393,400.0,900.0,600.0,False
38980085,226,90,800.0,2000.0,995.0176991150443,930.0,930.0,800.0,False
38998610,68,68,195.0,195.0,195.0,195.0,195.0,195.0,False
39007372,251,95,1100.0,1118.7,1101.19203187251,1100.0,1100.0,1100.0,False
39051477,248,92,1350.0,2000.0,1539.6935467741935,1500.0,2000.0,1500.0,False
39059902,78,78,200.0,1172.0,599.2564102564103,750.0,980.0,200.0,False
39109062,195,74,1400.0,1900.0,1499.9111097435896,1400.0,1900.0,1400.0,False
39145712,75,31,624.0,998.0,811.4933333333333,662.0,996.0,624.0,False
39316910,15,15,500.0,852.5,684.0,790.0,790.0,777.5,False
39363955,101,57,320.0,587.0,406.18795346534654,370.0,450.0,320.0,False
39394196,23,23,350.0,400.0,353.80434782608694,350.0,400.0,350.0,False
39394644,226,90,650.0,1050.0,763.5752203539822,800.0,1000.0,650.0,False
39414948,162,61,400.0,927.0,583.7777777777778,520.0,820.0,400.0,False
39420557,99,33,750.0,868.25,799.2590909090909,800.0,800.0,850.0,False
39507664,84,39,300.0,745.0,428.29761904761904,429.0,640.0,429.0,False
39583346,119,50,350.0,850.0,592.8420868907563,700.0,850.0,350.0,False
39629644,71,27,300.0,600.0,433.64319267605634,350.0,300.0,383.0,False
39635217,47,23,355.0,800.0,415.13936170212764,385.0,800.0,400.0,False
39642773,46,46,250.0,600.0,370.6521739130435,400.0,450.0,250.0,False
39685785,169,73,450.0,800.0,540.0407788165681,450.0,515.0,627.5,False
39715668,154,65,200.0,346.0,233.03571428571428,230.0,270.0,200.0,False
39745810,89,89,2250.0,2500.0,2352.5782516853933,2250.0,2250.0,2500.0,True
3977675,55,55,178.0,446.0,242.71212109090908,198.0,300.0,198.0,False
39820601,33,33,345.0,345.0,345.0,345.0,345.0,345.0,False
39837626,23,23,430.0,580.0,461.95652173913044,430.0,580.0,430.0,False
39972515,150,59,299.0,485.0,341.34066666666666,323.0,379.0,299.0,False
40023421,226,99,399.0,681.0,479.1438053097345,500.0,550.0,399.0,False
40039627,206,84,212.0,655.0,337.2908577669903,323.0,655.0,304.0,False
40191152,76,76,1068.0,2584.0,1999.7543855263157,2500.0,2000.0,1068.0,True
40209404,184,73,232.0,647.0,347.0298913043478,311.0,589.0,326.0,False
40236441,47,47,193.0,359.0,237.25531914893617,193.0,359.0,193.0,False
40246675,105,44,229.0,585.0,357.18095238095236,350.0,405.0,229.0,False
40250642,213,73,800.0,1333.3334,983.4350563380283,900.0,1150.0,800.0,False
40289385,62,62,2500.0,4000.0,2586.3951612903224,2500.0,2500.0,4000.0,True
40320100,75,75,747.0,830.0,783.2199986666667,760.8333,747.0,830.0,False
40342798,216,81,550.0,850.0,656.1111111111111,700.0,850.0,700.0,False
40351988,141,52,270.0,495.0,364.72340425531917,333.0,495.0,270.0,False
40371384,236,91,361.0,1064.0,597.9007762711864,601.0,793.0,524.3333,False
40391575,7,7,10000.0,10000.0,10000.0,10000.0,10000.0,10000.0,True
40400432,64,64,500.0,750.0,586.53125,500.0,750.0,500.0,False
40449599,179,72,428.0,795.0,590.4106145251396,537.0,788.0,558.0,False
40532740,40,40,250.0,370.0,309.625,330.0,370.0,250.0,False
40560834,226,90,447.0,1267.0,718.397492920354,736.0,1152.0,626.3333,False
40576710,59,59,500.0,800.0,541.5254237288135,500.0,600.0,500.0,False
40777141,22,9,1506.0,1674.0,1545.2727272727273,1508.0,1674.0,1508.0,False
40794806,52,52,624.0,709.0,700.0096153846154,709.0,709.0,624.0,False
40892344,148,60,400.0,609.0,424.39054054054054,419.0,609.0,402.0,False
40899047,37,37,285.0,349.0,297.4864864864865,290.0,349.0,285.0,False
40910065,88,88,300.0,750.0,604.7113636363637,650.0,750.0,300.0,False
40960741,75,75,200.0,403.0,288.04,275.0,350.0,200.0,False
40971559,86,34,400.0,838.0,751.4883720930233,800.0,800.0,490.0,False
41141790,69,39,650.0,800.0,729.1695652173912,723.0,650.0,800.0,False
41147466,108,45,495.0,565.0,537.8225314814815,540.0,560.0,495.0,False
41193865,152,74,400.0,530.0,410.9046052631579,400.0,400.0,400.0,False
41227471,207,81,360.0,920.0,685.1521739130435,610.0,920.0,460.0,False
41260111,218,85,1469.0,2034.0,1833.6403688073394,1763.0,1582.0,2034.0,False
41270247,47,27,600.0,638.6667,603.421985106383,600.0,600.0,633.3333,False
41285546,234,91,300.0,1000.0,647.6923076923077,850.0,941.0,320.0,False
41404141,165,68,690.0,800.0,703.0533333333334,690.0,690.0,690.0,False
41473656,58,23,621.0,869.5,724.3479896551723,700.0,690.0,700.0,False
41478160,29,29,400.0,600.0,488.51724137931035,400.0,400.0,567.0,False
41493620,256,98,750.0,850.0,763.3711878906249,750.0,750.0,850.0,False
41532894,174,61,340.0,1247.0,861.2321850574713,950.0,1116.0,350.0,False
41533462,71,71,300.0,1000.0,620.4507042253521,750.0,800.0,300.0,False
41590719,174,73,250.0,600.0,420.3419540229885,400.0,500.0,300.0,False
41634696,84,84,499.0,581.0,502.6666666666667,500.0,499.0,500.0,False
41664387,45,45,180.0,209.0,180.64444444444445,180.0,180.0,180.0,False
41676390,243,90,600.0,769.0,607.9814810699588,600.0,650.0,600.0,False
41682475,43,43,400.0,700.0,469.7674418604651,400.0,700.0,400.0,False
41686810,59,59,90.0,100.0,95.42372881355932,100.0,90.0,100.0,False
41702158,101,46,1200.0,1650.0,1286.1386138613861,1200.0,1650.0,1200.0,False
41761142,102,43,250.0,800.0,395.1862745098039,277.0,450.0,270.0,False
41762297,160,96,1575.0,1833.25,1664.3,1651.25,1750.0,1750.0,False
41769298,190,71,800.0,1319.0,1096.321052631579,1100.0,1300.0,1100.0,False
41786765,13,13,250.0,250.0,250.0,250.0,250.0,250.0,False
41883230,53,53,450.0,900.0,535.4716981132076,470.0,470.0,450.0,False
41888100,78,78,290.0,1000.0,552.9491448717948,531.0,618.0,290.0,False
42003334,172,65,450.0,1100.0,655.0651145348837,500.0,600.0,450.0,False
42013117,26,26,400.0,750.0,569.0064076923077,590.0,750.0,400.0,False
42138941,69,69,1000.0,1200.0,1182.608695652174,1200.0,1000.0,1200.0,False
42180312,60,60,180.0,280.0,194.86666666666667,200.0,200.0,200.0,False
42270655,74,74,400.0,855.0,517.2512872972973,490.0,495.0,400.0,False
42335961,204,85,300.0,988.0,612.3823529411765,500.0,980.0,300.0,False
42362925,188,70,249.0,1749.0,1104.5186170212767,999.0,399.0,874.0,False
42515348,63,32,650.0,900.0,840.4761904761905,900.0,900.0,650.0,False
42588365,106,43,310.0,500.0,427.79402509433964,390.0,500.0,310.0,False
42625075,152,61,1000.0,1427.0,1072.702302631579,1000.0,1300.0,1000.0,False
42704327,205,84,580.0,2053.3333,1290.8878053658536,1394.0,1998.0,859.0,False
42709234,141,97,378.0,1160.0,695.8037829787235,420.0,1099.0,420.0,False
42735835,33,11,200.0,420.0,249.0,200.0,420.0,200.0,False
42788291,54,54,410.0,750.0,632.5925925925926,700.0,740.0,410.0,False
42841323,53,23,402.0,634.0,484.92452830188677,500.0,605.0,516.0,False
43300431,88,88,2000.0,2800.0,2417.0454545454545,2500.0,2800.0,2000.0,True
43379132,53,26,340.0,690.0,440.3207547169811,390.0,690.0,340.0,False
43499385,69,69,500.0,750.0,595.5942028985507,585.0,585.0,750.0,False
43712530,63,21,601.0,701.0,667.6666666666666,701.0,701.0,601.0,False
43754654,228,87,590.0,1264.0,906.1732456140351,897.0,1090.0,627.0,False
44075219,22,14,1750.0,3524.0,2541.134090909091,2591.6191,1750.0,2725.0,True
44153810,48,48,159.0,199.0,188.375,199.0,179.0,159.0,False
44192417,39,39,250.0,550.0,339.7692307692308,310.0,400.0,250.0,False
44369632,15,12,705.0,785.0,723.0,705.0,785.0,705.0,False
44425260,66,66,450.0,700.0,496.6181818181819,450.0,500.0,450.0,False
44890294,2,2,1000.0,1000.0,1000.0,1000.0,1000.0,1000.0,False
44895797,23,13,700.0,705.0,703.9130434782609,705.0,705.0,705.0,False
45002455,57,26,250.0,750.0,432.5438596491228,250.0,550.0,250.0,False
45184991,62,62,648.0,648.0,648.0,648.0,648.0,648.0,False
45350304,145,79,450.0,1050.0,729.5034482758621,450.0,1050.0,450.0,False
45382246,38,38,310.0,912.0,648.5394736842105,850.0,912.0,310.0,False
45480718,27,12,200.0,491.5,343.5925925925926,450.0,450.0,200.0,False
45512442,61,61,229.0,914.5,676.2868852459017,790.0,880.0,325.0,False
45513430,89,89,650.0,1050.0,782.9213483146067,780.0,850.0,650.0,False
45531969,91,53,600.0,850.0,648.3824175824176,650.0,700.0,650.0,False
45621607,186,71,210.0,488.5,348.5290706989247,350.0,450.0,210.0,False
45687710,79,79,220.0,590.0,419.45569620253167,350.0,590.0,220.0,False
45711835,16,13,850.0,900.0,890.625,900.0,900.0,900.0,False
45726200,118,45,997.0,1997.0,1491.4364406779662,1590.0,1843.0,997.0,False
45768161,210,83,450.0,1100.0,696.6404761904762,850.0,850.0,450.0,False
45780750,12,12,850.0,850.0,850.0,850.0,850.0,850.0,False
45803876,168,78,450.0,941.75,531.8184523809524,450.0,634.0,750.0,False
45822839,183,78,390.0,590.0,455.3551912568306,390.0,590.0,390.0,False
45889892,151,60,595.0,795.0,624.5264900662252,595.0,795.0,595.0,False
45911573,81,35,700.0,1500.0,1017.1358024691358,1100.0,1100.0,700.0,False
45911990,55,26,560.0,1073.6666,661.1181781818183,560.0,1073.6666,560.0,False
45923984,69,28,300.0,500.0,344.44202898550725,300.0,450.0,500.0,False
45973790,259,101,520.0,875.0,652.1306320463322,657.0,670.0,676.3333,False
46011731,21,21,230.0,900.0,607.3809523809524,590.0,660.0,230.0,False
46036384,136,58,290.0,499.0,341.0257352941176,330.0,483.0,330.0,False
46048925,226,91,900.0,1200.0,975.5770623893806,910.0,1200.0,910.0,False
46048941,34,34,189.0,450.0,371.8235294117647,400.0,270.0,192.0,False
46072703,108,45,570.0,1080.0,746.7916666666666,584.0,920.0,570.0,False
46088002,159,58,648.0,648.0,648.0,648.0,648.0,648.0,False
46116173,69,31,250.0,665.0,415.9347826086956,300.0,630.0,390.0,False
46220279,203,80,457.0,816.0,680.4665024630542,697.0,816.0,457.0,False
46222390,73,73,400.0,576.0,483.32876712328766,500.0,440.0,500.0,False
46298558,125,54,450.0,900.0,588.592,490.0,450.0,500.0,False
46327705,120,40,900.0,1216.5,1014.2027783333334,950.0,1100.0,925.0,False
46372862,74,74,293.0,750.0,425.2925675675676,518.0,750.0,293.0,False
46451253,186,71,360.0,1087.0,595.7983870967741,440.0,900.0,582.0,False
46530405,222,83,822.0,1369.0,1048.6708702702704,984.0,1232.0,1334.0,False
46550767,141,47,700.0,850.0,757.9468085106383,800.0,850.0,700.0,False
46598066,217,85,850.0,1500.0,1052.6912442396313,1000.0,1100.0,883.5,False
46604700,87,87,322.0,400.0,350.73754781609193,350.0,322.0,350.0,False
46678933,161,97,650.0,1100.0,760.2484472049689,750.0,800.0,750.0,False
46690986,91,91,1000.0,2000.0,1315.2637362637363,1299.0,2000.0,1000.0,False
46704215,11,11,566.0,611.8182,583.6955909090909,580.0,611.8182,566.0,False
46710652,182,71,400.0,1000.0,595.7307692307693,550.0,666.0,1000.0,False
46724379,238,100,170.0,824.0,474.3774512605042,481.0,824.0,170.0,False
46755580,58,58,300.0,300.0,300.0,300.0,300.0,300.0,False
46769078,237,93,561.0,1405.0,906.9716590717298,988.0,1405.0,561.0,False
46866680,166,67,450.0,850.0,504.5903614457831,450.0,850.0,450.0,False
46878566,210,81,315.0,750.0,507.6,500.0,570.0,350.0,False
46896012,146,65,538.0,900.0,632.6616438356165,550.0,644.0,538.0,False
46936020,54,54,350.0,550.0,398.24074074074076,380.0,550.0,350.0,False
46990438,174,60,400.0,652.0,531.5413793103448,600.0,600.0,400.0,False
47000276,99,42,500.0,890.0,630.6464646464647,500.0,890.0,500.0,False
47006355,135,49,592.0,1175.0,704.437037037037,592.0,1000.0,701.0,False
47052262,160,69,318.0,698.0,429.202291875,399.0,599.0,399.0,False
47089646,51,51,402.0,770.0,526.0039215686274,472.0,581.0,509.0,False
47172145,181,74,500.0,900.0,623.4198889502762,700.0,900.0,503.0,False
47213093,66,22,230.0,351.0,290.5,290.5,351.0,230.0,False
47222306,47,47,175.0,360.0,199.68085106382978,175.0,230.0,175.0,False
47232230,47,16,903.0,1001.0,934.2765957446809,903.0,903.0,903.0,False
47254288,173,72,150.0,800.0,504.97687861271675,450.0,600.0,350.0,False
47260862,105,44,450.0,800.0,513.952380952381,450.0,700.0,450.0,False
47269826,36,12,603.0,717.875,670.8520833333333,702.0,702.0,603.0,False
47325492,226,89,500.0,1000.0,666.9348066371681,630.2857,750.0,628.5714,False
47326216,224,87,1100.0,1225.75,1141.5223214285713,1100.0,1200.0,1100.0,False
47402735,66,66,399.0,682.6,462.02575757575755,399.0,605.0,399.0,False
47421617,36,36,370.0,494.0,404.189815,370.0,468.0,370.0,False
47543180,38,38,135.0,255.0,237.82894736842104,250.0,135.0,250.0,False
47558531,239,90,400.0,1061.0,783.0381753138075,895.2,1041.0,600.0,False
47783121,122,52,350.0,612.0,458.41625688524584,450.0,522.0,350.0,False
47802450,29,29,181.0,280.0,209.9655172413793,210.0,280.0,181.0,False
47816646,73,73,399.0,999.0,528.2465753424658,590.0,549.0,399.0,False
47891397,144,81,349.0,650.0,514.9623020138889,548.7857,650.0,350.0,False
47909482,174,67,600.0,1340.0,920.4424482758619,1000.0,1340.0,600.0,False
48080102,92,45,350.0,1000.0,482.3478260869565,450.0,500.0,350.0,False
48109229,129,73,410.0,880.0,549.0542635658915,480.0,680.0,480.0,False
48158176,84,33,290.0,550.0,380.1388888095238,390.0,550.0,290.0,False
48243472,124,60,1079.0,1671.0,1369.8360225806452,1414.3125,1671.0,1199.0,False
48254075,51,20,423.0,601.0,490.5686274509804,509.0,509.0,509.0,False
48526011,65,65,449.0,999.0,556.6820507692307,500.0,549.0,500.0,False
48624860,29,18,250.0,500.0,350.0,250.0,500.0,250.0,False
48699117,118,48,380.0,800.0,452.39406779661016,380.0,800.0,380.0,False
48848529,231,87,490.0,1772.0,1088.4155844155844,1000.0,1600.0,490.0,False
48941838,116,46,330.0,650.0,410.51724137931035,370.0,650.0,330.0,False
49050392,138,46,700.0,800.0,741.304347826087,700.0,800.0,700.0,False
49123621,226,90,350.0,950.0,770.3783185840708,900.0,900.0,350.0,False
49369605,42,21,200.0,350.0,238.34126976190475,230.0,350.0,200.0,False
49824103,106,47,340.0,650.0,458.4962264150944,440.0,490.0,650.0,False
49968308,49,26,600.0,1100.0,717.0204081632653,700.0,1100.0,600.0,False
50047341,74,36,295.0,587.0,340.4161037837838,300.0,500.0,300.0,False
50059423,88,40,350.0,850.0,521.5606068181819,500.0,700.0,350.0,False
50085393,42,21,500.0,700.0,640.4761904761905,650.0,700.0,650.0,False
50243281,35,35,467.0,700.0,513.6,467.0,700.0,467.0,False
50535771,44,44,300.0,1000.0,630.6818181818181,650.0,1000.0,300.0,False
50561328,20,13,445.0,1400.0,886.25,700.0,700.0,1400.0,False
50958684,187,74,890.0,1517.0,1019.9251358288769,920.0,1050.0,890.0,False
51301217,67,67,320.0,800.0,523.5373134328358,399.0,710.0,320.0,False
51403736,55,55,160.0,202.0,165.8909090909091,160.0,200.0,160.0,False
51405106,195,74,475.0,1306.5,894.0846153846154,1000.0,1000.0,750.0,False
51453135,189,91,300.0,1037.0,659.2433862433862,680.0,850.0,550.0,False
51507847,16,16,400.0,550.0,437.5,400.0,550.0,400.0,False
51669111,246,92,600.0,1000.0,733.9916162601626,800.0,1000.0,600.0,False
51683537,73,28,400.0,500.0,441.6506849315069,400.0,500.0,400.0,False
51785337,141,56,276.66666,419.0,319.63806127659575,317.0,356.0,367.0,False
51825638,195,74,650.0,833.0,658.4461538461538,650.0,650.0,650.0,False
51861410,18,18,700.0,700.0,700.0,700.0,700.0,700.0,False
51866473,108,45,350.0,800.0,543.0496916666666,450.0,700.0,350.0,False
51983017,29,29,525.0,825.0,635.9827586206897,549.0,600.0,525.0,False
51990592,60,60,630.0,1500.0,954.881665,959.125,1220.0,650.0,False
52025452,52,52,250.0,750.0,442.8237173076923,400.0,600.0,250.0,False
52059007,253,105,722.0,1029.0,922.6408023715416,1000.0,1029.0,1000.0,False
52172003,99,42,317.0,317.0,317.0,317.0,317.0,317.0,False
52214716,207,79,990.0,2157.0,1555.8582908212559,1657.0,1757.0,1182.6666,False
52266549,180,77,550.0,763.0,661.4611111111111,700.0,550.0,600.0,False
52346232,148,59,288.0,1000.0,763.9527027027027,890.0,800.0,288.0,False
52348108,73,43,400.0,800.0,553.4246575342465,400.0,800.0,400.0,False
52354467,160,68,450.0,824.0,584.009375,450.0,792.0,750.0,False
52358821,84,84,500.0,1000.0,690.8214285714286,600.0,937.0,500.0,False
52365560,75,75,295.0,400.0,324.53333333333336,300.0,300.0,350.0,False
52472131,87,87,600.0,1000.0,701.1494252873563,600.0,1000.0,600.0,False
52474050,22,22,560.0,1000.0,780.0,780.0,560.0,1000.0,False
52530322,139,78,450.0,600.0,480.521582733813,450.0,550.0,450.0,False
52536443,38,26,340.0,450.0,390.2631578947368,400.0,400.0,430.0,False
525472560929976068,216,87,855.0,1111.7778,1055.7986115740741,1090.0,1090.0,1090.0,False
52596621,264,104,620.0,1316.75,1074.6828287878786,1186.6666,1289.0,750.0,False
52619006,144,58,300.0,700.0,507.4166677777778,480.0,700.0,300.0,False
52627650,12,12,350.0,376.5,356.9583333333333,350.0,350.0,376.5,False
52646204,171,66,799.0,1599.0,987.4198830409356,899.0,1190.0,959.0,False
52650644,126,75,600.0,867.5,680.8531746031746,600.0,800.0,600.0,False
52652931,46,46,340.0,580.0,437.0652173913044,390.0,550.0,340.0,False
52670832,20,13,470.0,559.0,475.47083299999997,470.0,475.0,559.0,False
52758042,267,103,2690.0,3300.0,3019.4007490636704,3000.0,3300.0,3000.0,True
52826190,38,38,300.0,400.0,321.6885963157895,300.0,375.0,306.66666,False
52884842,89,89,1900.0,1900.0,1900.0,1900.0,1900.0,1900.0,False
52969803,174,70,330.0,475.0,357.8333333333333,350.0,350.0,350.0,False
53008127,136,56,220.0,564.0,329.79411764705884,300.0,450.0,220.0,False
53077335,11,11,1000.0,1000.0,1000.0,1000.0,1000.0,1000.0,False
53113087,126,57,250.0,727.0,553.0013241269843,650.0,727.0,400.0,False
53133732,209,82,673.0,1293.0,793.5741626794259,673.0,895.0,673.0,False
53143021,49,49,510.0,850.0,639.6530612244898,600.0,720.0,600.0,False
53154219,226,87,495.0,750.5,628.7448380530974,578.0,711.0,563.5,False
53175731,265,101,479.0,1299.0,1083.1635218867925,1199.0,1199.0,479.0,False
53190433,76,39,650.0,1000.0,794.7368421052631,800.0,1000.0,800.0,False
53195241,225,85,1600.0,2150.0,1851.8170368888889,1990.0,1990.0,1750.0,False
53240300,203,79,900.0,1190.0,1003.719212315271,990.0,900.0,990.0,False
53280496,61,35,330.0,420.0,383.65846983606554,380.0,380.0,380.0,False
53314692,146,60,520.0,1125.0,665.881851369863,520.0,780.0,950.0,False
53325047,133,50,300.0,718.0,478.9624060150376,450.0,700.0,450.0,False
53337464,165,89,550.0,875.0,656.4424242424243,550.0,850.0,550.0,False
53340772,170,69,380.0,980.0,519.0382352941176,425.0,600.0,600.0,False
53365226,54,54,250.0,450.0,347.8703703703704,405.0,450.0,250.0,False
53445765,141,58,281.33334,511.125,391.4663120567376,375.0,405.0,500.0,False
53448627,68,26,445.0,829.0,525.9509817647058,475.0,533.0,600.0,False
53458717,128,51,380.0,410.0,392.48177078125,380.0,410.0,380.0,False
53474066,89,39,720.0,1000.0,883.370786516854,850.0,720.0,850.0,False
53492577,28,28,270.0,300.0,292.5,300.0,300.0,270.0,False
53581602,183,70,500.0,800.0,528.1256830601093,500.0,500.0,500.0,False
53605382,39,39,500.0,1200.0,712.8205128205128,700.0,1200.0,500.0,False
53643568,61,25,507.0,849.0,711.2868852459017,769.0,849.0,769.0,False
53645678,109,61,610.0,890.0,734.4495412844037,770.0,770.0,890.0,False
53656846,43,43,100.0,400.0,302.5581395348837,400.0,400.0,100.0,False
53669499,177,59,543.0,810.0,721.0,810.0,810.0,543.0,False
53671997,23,23,300.0,750.0,451.6521739130435,300.0,750.0,300.0,False
53717416,178,76,471.0,1210.0,687.8403550561798,644.0,572.0,1122.0,False
53733977,98,38,330.0,966.0,419.6224489795918,350.0,590.0,800.0,False
53738511,192,64,466.0,466.0,466.0,466.0,466.0,466.0,False
53794321,173,67,549.0,899.0,739.304763583815,749.0,650.0,899.0,False
53796581,58,58,1000.0,1500.0,1116.551724137931,1000.0,1500.0,1000.0,False
53803935,47,26,546.0,890.0,642.549644680851,604.3333,659.0,546.0,False
53815397,72,72,170.0,350.0,246.11111111111111,180.0,170.0,180.0,False
53825192,103,50,533.0,1620.0,929.1208737864079,633.0,730.0,556.0,False
53893648,137,56,550.0,1100.0,632.4890510948906,550.0,700.0,700.0,False
53899162,72,72,252.0,395.0,298.2083333333333,290.0,350.0,290.0,False
53903158,177,72,1090.0,1400.0,1167.8983050847457,1090.0,1128.0,1090.0,False
53914255,114,47,390.0,1040.0,574.5467833333333,390.0,585.0,628.3333,False
53915734,173,64,350.0,800.0,503.88439306358384,450.0,385.0,350.0,False
53918137,62,62,350.0,708.0,434.1505387096774,415.5,402.0,350.0,False
53936201,102,43,643.5,1135.0,772.4493460784314,725.5,896.0,849.0,False
53972959,167,73,799.0,1399.0,931.029939520958,899.0,999.0,882.3333,False
53973724,159,69,459.0,817.0,596.0146748427672,589.0,689.0,479.0,False
53986731,45,15,272.0,386.0,318.87407288888886,300.5,354.0,300.0,False
54005716,43,43,800.0,800.0,800.0,800.0,800.0,800.0,False
54020562,29,29,350.0,400.0,365.51724137931035,350.0,400.0,400.0,False
54145466,90,90,2000.0,2000.0,2000.0,2000.0,2000.0,2000.0,False
54167570,197,81,1400.0,1460.0,1402.4365482233502,1400.0,1400.0,1400.0,False
54237040,66,66,650.0,766.5,696.0707075757576,700.0,700.0,700.0,False
54245203,69,23,530.0,700.0,591.5869565217391,578.0,530.0,700.0,False
54246694,234,89,400.0,800.0,752.5641025641025,800.0,800.0,400.0,False
54287612,136,63,318.0,790.0,426.37500044117644,399.0,790.0,399.0,False
543584528464360785,60,60,350.0,550.0,375.4916666666667,350.0,390.0,350.0,False
54365625,81,81,350.0,1000.0,670.8024691358024,700.0,350.0,600.0,False
5443557,82,82,671.0,1098.0,799.1158536585366,793.0,725.0,707.0,False
549056203343531816,86,48,300.0,800.0,554.4622093023256,650.0,750.0,650.0,False
552912581186899747,49,49,1000.0,1380.0,1260.0,1300.0,1300.0,1000.0,False
553578003486746447,15,15,650.0,900.0,750.0,650.0,650.0,900.0,False
557386903732882183,53,53,950.0,1500.0,1129.4528301886792,1000.0,950.0,1000.0,False
572368704250611987,36,36,400.0,550.0,506.6388888888889,550.0,477.0,400.0,False
573122310094338767,111,44,550.0,700.0,601.2988,550.0,617.0,700.0,False
577333685681759877,94,38,450.0,800.0,546.1010638297872,498.0,450.0,498.0,False
577547502503396579,153,58,450.0,1009.0,668.6699346405229,650.0,850.0,450.0,False
580407424598756855,59,23,270.0,765.0,471.82768305084744,365.0,735.0,270.0,False
580589381711973141,52,52,300.0,500.0,404.8076923076923,350.0,500.0,300.0,False
599368528094352718,49,24,299.0,599.0,416.6938775510204,305.0,399.0,310.0,False
604521043281534642,27,27,650.0,1100.0,927.4074074074074,1080.0,1100.0,650.0,False
605748852048435444,154,61,320.0,630.0,443.6163432467532,450.0,630.0,320.0,False
610155932497817911,195,65,518.0,518.0,518.0,518.0,518.0,518.0,False
612245203931813020,172,66,400.0,1500.0,824.3197674418604,900.0,1249.0,450.0,False
613221032690703355,106,48,450.0,1100.0,737.7751566037736,801.0,1091.0,450.0,False
618150693526656201,48,48,160.0,499.0,300.1666666666667,249.0,359.0,160.0,False
618943952389206201,204,80,300.0,872.0,525.4240196078431,400.0,800.0,400.0,False
621626596784793972,43,43,450.0,700.0,524.4186046511628,500.0,450.0,500.0,False
622878708674009200,74,74,650.0,840.0,666.7567567567568,650.0,700.0,650.0,False
627388721154300829,71,26,300.0,605.5,446.556338028169,550.0,550.0,300.0,False
628340205412932131,32,12,400.0,700.0,512.5,400.0,700.0,650.0,False
628897724940732017,25,25,950.0,975.0,969.0,975.0,975.0,950.0,False
629724091250673746,145,71,471.0,1403.0,640.2770110344827,588.0,660.0,1161.3334,False
630326155301078742,37,37,200.0,500.0,366.2162162162162,350.0,500.0,200.0,False
633809099013662442,105,42,400.0,600.0,466.16190476190474,450.0,600.0,400.0,False
639163267116212627,8,8,100.0,100.0,100.0,100.0,100.0,100.0,False
639216644351145145,16,16,900.0,1150.0,962.5,900.0,1150.0,900.0,False
645092818132652927,29,29,240.0,490.0,359.13793103448273,320.0,470.0,240.0,False
6569062,270,104,675.0,920.0,737.0856174074074,750.0,800.0,750.0,False
667324814851452653,170,67,600.0,1067.0,884.7117647058824,875.0,850.0,1000.0,False
668715506986619718,113,45,450.0,967.0,641.1356920353982,565.0,950.0,450.0,False
670778657683556451,101,41,736.0,1215.0,905.8444128712872,744.0,1215.0,736.0,False
673825002694927178,110,42,592.0,1080.0,796.0,784.0,960.0,592.0,False
673826204715344716,131,53,736.0,1217.5,947.6054717557251,1058.0,1215.0,736.0,False
673826267743797671,81,27,704.0,864.0,732.5972222222222,704.0,835.0,704.0,False
674566887638611404,103,42,300.0,650.0,533.495145631068,600.0,650.0,300.0,False
675242237586865339,197,77,360.0,780.0,482.55752964467,465.0,780.0,360.0,False
676838365540390245,20,20,250.0,250.0,250.0,250.0,250.0,250.0,False
678242953903453952,126,49,300.0,550.0,358.2261904761905,350.0,550.0,300.0,False
679166677359467385,210,79,937.0,1535.0,1144.2380947619047,937.0,1371.0,1209.0,False
681139047695558927,47,47,165.0,315.0,229.46808510638297,219.0,315.0,165.0,False
681894806923375678,107,39,592.0,1192.0,770.667446728972,648.0,880.0,592.0,False
684782448665574114,146,60,480.0,650.0,615.1027397260274,650.0,650.0,480.0,False
686743101124580615,27,27,648.0,1192.0,818.2037037037037,648.0,942.0,648.0,False
687757820659405525,239,90,550.0,750.0,574.4518828451883,557.5,615.0,557.5,False
693024169316156606,128,44,446.0,845.5,602.55468703125,562.0,801.0,562.0,False
694313018923554703,63,29,650.0,2600.0,1258.732803174603,1040.0,1040.0,650.0,True
694947516825280143,48,23,330.0,377.0,330.9791666666667,330.0,330.0,330.0,False
703527486074504582,173,74,290.0,480.0,344.85115606936415,300.0,300.0,300.0,False
703538637731385185,191,76,380.0,447.5,407.10558471204183,404.5,400.0,404.5,False
703678241822238330,60,60,300.0,398.0,321.23333333333335,300.0,398.0,300.0,False
705946468067026302,159,60,300.0,850.0,486.41509433962267,430.0,650.0,300.0,False
708045427082372124,252,94,1250.0,1494.0,1252.904761904762,1250.0,1250.0,1250.0,False
711032530664362412,35,35,149.0,230.0,171.9857142857143,149.0,199.0,149.0,False
716703779507124462,72,72,480.0,1100.0,766.8055555555555,790.0,990.0,480.0,False
718922870189236806,29,29,1600.0,2900.0,2182.7586206896553,2100.0,2100.0,1600.0,True
719355891470345652,207,78,400.0,750.0,555.7077304347825,500.0,750.0,413.5,False
721143022842232721,59,59,500.0,558.0,501.94350338983054,500.0,500.0,500.0,False
721635424816164605,143,59,740.0,906.0,751.664334965035,740.0,765.0,791.0,False
725205326528652381,5,5,600.0,600.0,600.0,600.0,600.0,600.0,False
725867973010290782,169,66,450.0,700.0,499.6360946745562,490.0,499.0,500.0,False
728531681504670920,37,37,63.0,300.0,151.8693691891892,133.5,181.0,173.33333,False
730437501239201082,225,84,500.0,1100.0,686.4514432,774.0,774.0,500.0,False
730503580289648392,10,10,750.0,850.0,787.5,775.0,850.0,750.0,False
730553947980169722,177,78,720.0,1100.0,850.2008620903954,900.0,720.0,1100.0,False
731853350375474350,34,34,600.0,900.0,705.5147058823529,700.0,600.0,700.0,False
732572931172602640,63,63,280.0,325.0,291.42857142857144,280.0,325.0,280.0,False
734707774394612996,53,53,980.0,1775.0,1417.877358490566,1400.0,1750.0,980.0,False
734774611454860165,153,64,415.0,865.5,615.9035947712418,625.0,738.0,539.5,False
734843676958831992,32,32,250.0,800.0,453.125,350.0,800.0,250.0,False
734991572208138176,83,83,130.0,430.0,277.9759036144578,280.0,430.0,130.0,False
735732850757918650,86,35,750.0,2430.0,1422.0852709302326,950.0,2038.0,750.0,True
739015384619300207,174,58,1604.0,1620.0,1605.9092505747126,1604.0,1611.0,1604.0,False
739663897909156017,72,72,600.0,800.0,720.8333333333334,800.0,700.0,800.0,False
742262889162653132,56,56,170.0,193.0,177.01785714285714,180.0,180.0,180.0,False
744210382596366805,127,55,400.0,625.0,508.3700803149606,500.0,613.0,500.0,False
745632820094188215,28,16,629.0,800.0,726.7142857142857,800.0,629.0,800.0,False
746451645715267085,244,91,900.0,1700.0,991.4077868852459,900.0,1100.0,900.0,False
748336742434217963,105,44,450.0,614.0,457.8095238095238,450.0,500.0,450.0,False
753461577197808016,205,73,650.0,1200.0,875.6317073170732,980.0,1000.0,650.0,False
753566944813003124,199,96,550.0,650.0,571.0572864321608,550.0,579.0,650.0,False
754141022905987471,213,80,500.0,1000.0,749.0305169014084,800.0,900.0,500.0,False
754375397775403281,248,96,757.0,890.0,838.5926076612902,890.0,820.0,890.0,False
754796838418506202,177,68,370.0,900.0,604.6638418079096,675.0,900.0,600.0,False
756997201912524343,248,97,700.0,1400.0,947.4778225806451,850.0,1025.0,1400.0,False
758758164947604865,82,82,100.0,214.0,153.90243902439025,170.0,200.0,100.0,False
760805979001764233,3,3,650.0,650.0,650.0,650.0,650.0,650.0,False
762112217871324562,136,61,399.0,719.6667,567.9632360294117,600.0,699.0,450.0,False
762192750283483456,67,67,260.0,550.0,395.56965164179104,440.0,550.0,260.0,False
762916089194134311,270,104,1000.0,1200.0,1008.1481481481482,1000.0,1200.0,1000.0,False
766052072199682693,144,57,375.0,783.25,626.6770840277778,550.0,475.0,750.0,False
766156195693050227,53,53,1530.0,2123.0,1837.1415094339623,1897.0,1973.0,1530.0,False
766788707373767791,88,40,355.0,750.0,490.71079545454546,520.0,750.0,355.0,False
767407262472265686,193,73,499.0,1000.0,788.1208984455959,800.0,1000.0,499.0,False
768032727158094436,18,18,1200.0,1200.0,1200.0,1200.0,1200.0,1200.0,False
769009482417170004,163,75,480.0,1100.0,590.4110429447853,480.0,800.0,480.0,False
769461318721075633,36,36,400.0,900.0,569.4444444444445,500.0,400.0,500.0,False
769616108652112172,33,33,350.0,400.0,363.3333333333333,350.0,380.0,400.0,False
770131545986036241,201,78,900.0,1387.5,971.5269487562189,900.0,900.0,900.0,False
771111761043546355,198,75,528.0,1150.0,598.4191919191919,557.0,557.0,557.0,False
771134836709283777,15,15,250.0,500.0,357.8,300.0,500.0,250.0,False
772261416620745030,211,82,825.0,885.0,835.3601895734597,825.0,885.0,825.0,False
772706520794806760,9,9,450.0,450.0,450.0,450.0,450.0,450.0,False
778933432062496662,189,73,770.0,1273.6666,1027.6368603174603,990.0,1250.0,770.0,False
779104726998664227,38,38,400.0,506.0,412.0,400.0,400.0,400.0,False
780376166619260652,44,44,429.0,800.0,529.4545454545455,429.0,500.0,429.0,False
780872235421635957,44,44,499.0,632.0,515.2386363636364,499.0,632.0,499.0,False
781223884036842600,62,62,270.0,500.0,364.758064516129,337.5,500.0,270.0,False
782548209247570691,132,54,500.0,950.0,699.9406568181819,700.0,900.0,500.0,False
782734966853311782,210,79,580.0,1196.0,770.5404761904762,580.0,1196.0,580.0,False
783879004243392314,206,81,360.0,1100.0,710.9958696601942,650.0,1100.0,386.66666,False
784598714032826222,141,71,1000.0,1435.0,1188.4113489361703,1200.0,1100.0,1000.0,False
784836681288428817,65,65,310.0,530.0,377.38461538461536,370.0,530.0,370.0,False
785658004981722606,209,79,473.0,997.5,693.0944976076555,690.75,766.0,650.0,False
786307999394390316,158,72,550.0,825.0,591.4113924050633,550.0,825.0,720.0,False
786807324710664147,117,52,800.0,2330.0,1249.6769230769232,850.0,1550.0,800.0,True
787195284335262595,157,63,480.0,700.0,576.7590233121019,550.0,700.0,480.0,False
787606557854537606,65,65,495.0,811.3333,626.1051307692306,584.6667,801.0,562.0,False
787847078680683474,151,63,260.0,700.0,389.13907284768214,330.0,700.0,260.0,False
790006111813482352,68,68,405.0,552.0,427.0147058823529,405.0,405.0,450.0,False
790431243381422888,262,104,750.0,1400.0,956.2010175572519,1000.0,1400.0,750.0,False
790518755885066166,119,51,750.0,890.0,794.5448176470588,750.0,890.0,880.0,False
790752171303746450,222,87,500.0,750.0,665.3333333333334,750.0,750.0,500.0,False
791313913845076166,50,50,850.0,850.0,850.0,850.0,850.0,850.0,False
792096103347120988,125,59,250.0,650.0,470.65,481.75,650.0,450.0,False
792184367926408145,106,57,320.0,522.5,385.1383649056604,396.0,495.0,327.0,False
794707921952592251,48,48,150.0,165.0,152.96875,150.0,150.0,160.0,False
794710559970994170,141,68,450.0,640.0,506.9054375886525,500.0,450.0,450.0,False
794996321339600522,94,67,250.0,550.0,427.3085106382979,483.5,550.0,350.0,False
795495744056169046,150,66,800.0,1258.0,914.1633333333333,812.5,1200.0,800.0,False
795757968903961791,73,73,350.0,403.0,356.7328767123288,350.0,355.0,350.0,False
796481545034280714,196,74,480.0,1673.0,667.9336734693877,580.0,500.0,480.0,False
797261187302809924,191,75,500.0,800.0,551.2338570680629,500.0,800.0,533.5,False
798475021925579344,120,48,250.0,409.5,330.8125,300.0,399.0,250.0,False
798609957167332367,72,72,650.0,700.0,676.3888888888889,700.0,650.0,700.0,False
798631136594423222,56,56,1100.0,1100.0,1100.0,1100.0,1100.0,1100.0,False
799251513158018593,144,60,500.0,900.0,550.7248347222222,500.0,600.0,500.0,False
800942299109284552,134,55,250.0,399.0,323.2425373134328,300.0,399.0,250.0,False
801271167231006592,81,40,250.0,268.66666,251.94650197530862,250.0,257.0,264.33334,False
801611117719633492,164,67,350.0,854.0,478.2682926829268,400.0,600.0,550.0,False
802047490248101970,85,42,250.0,263.0,251.5529411764706,250.0,263.0,252.33333,False
802357806571870530,114,55,612.0,710.75,667.9078947368421,680.0,646.0,680.0,False
802922826036667371,64,64,1200.0,1300.0,1210.9375,1200.0,1200.0,1200.0,False
803403468437987911,73,73,260.0,438.0,377.24657534246575,371.0,381.0,260.0,False
805381324514930766,32,32,292.0,1200.0,783.3072912499999,750.0,1200.0,303.0,False
805726391815686158,135,57,290.0,550.0,389.6,399.0,550.0,399.0,False
806702099486447309,169,68,500.0,808.0,603.508875739645,500.0,808.0,658.0,False
807400945391416643,78,41,450.0,1100.0,711.7692307692307,850.0,950.0,450.0,False
807898347637042057,16,16,350.0,430.0,395.0,430.0,430.0,350.0,False
809946874989632205,75,75,370.0,443.0,380.00666666666666,370.0,390.0,370.0,False
811053746893495263,164,66,200.0,804.0,435.5609756097561,400.0,650.0,350.0,False
812231708820863156,132,58,498.0,1197.5,677.4065674242424,500.0,863.5,500.0,False
813090046454458015,84,84,370.0,450.0,388.45238095238096,390.0,400.0,370.0,False
815806026505024003,99,33,876.0,900.0,897.2121212121212,900.0,900.0,900.0,False
816613605644920543,161,92,1500.0,2500.0,1969.5652173913043,2100.0,2500.0,1500.0,True
821574780923920105,85,54,600.0,700.0,611.9294117647058,600.0,700.0,600.0,False
821920276390293366,125,48,350.0,1500.0,671.812,650.0,1500.0,427.0,False
822365439954007216,190,80,520.0,1300.0,723.4921052631579,730.5,1300.0,520.0,False
826063757882656916,210,82,516.0,1000.0,620.9547619047619,516.0,700.0,516.0,False
826617189908528565,144,65,360.0,900.0,477.73726861111106,400.0,563.0,587.5,False
828036946101813387,61,24,240.0,745.0,360.77185786885246,270.0,745.0,240.0,False
8287843,190,78,300.0,800.0,659.6052631578947,700.0,400.0,310.0,False
831740758559247685,102,34,800.0,880.0,805.1176470588235,800.0,800.0,800.0,False
832123000813215722,221,87,405.0,750.0,518.5904977375566,490.0,590.0,405.0,False
834645644371228115,38,38,300.0,300.0,300.0,300.0,300.0,300.0,False
836385234465202348,106,48,650.0,2600.0,1167.754716981132,1040.0,1263.0,650.0,True
836415940545761422,60,60,299.0,750.0,521.5916666666667,490.0,570.0,405.0,False
837646263953285868,168,68,358.0,639.6667,482.0310517857142,460.0,600.0,358.0,False
837846012155525926,44,44,200.0,600.0,411.3636363636364,400.0,400.0,200.0,False
839184834439414765,42,42,150.0,175.0,154.71428571428572,150.0,150.0,170.0,False
840525492567265584,106,44,1000.0,2000.0,1269.0566037735848,1000.0,1500.0,1000.0,False
841394344184198064,89,31,597.0,800.0,662.8202247191011,600.0,700.0,600.0,False
844864653127085626,199,76,600.0,1390.0,1048.6490809045226,1090.0,664.0,784.0,False
850675824952359571,202,68,802.0,864.0,805.128595049505,802.0,864.0,802.0,False
850931966820064700,131,59,650.0,1200.0,812.6412221374046,720.0,1200.0,833.3333,False
856482117556875618,37,26,330.0,370.0,362.43243243243245,370.0,370.0,370.0,False
859653300578357102,171,57,702.0,702.0,702.0,702.0,702.0,702.0,False
859925561562240250,29,29,648.0,1080.0,792.8275862068965,704.0,888.0,648.0,False
863830918159371125,67,67,232.0,647.0,329.46268656716416,306.0,439.0,326.0,False
869504505210568410,80,80,900.0,1250.0,1162.5,1250.0,900.0,1250.0,False
871084107630048364,135,54,400.0,550.0,453.93333333333334,450.0,450.0,400.0,False
873125740517449213,203,84,356.0,990.0,488.8776683743842,446.0,715.0,550.0,False
873255393900331818,202,79,433.0,1420.0,735.7227722772277,584.33335,825.0,565.0,False
873260132509992833,26,13,400.0,471.0,402.7307692307692,400.0,400.0,400.0,False
881204142086821328,160,68,400.0,800.0,584.21875,550.0,630.0,700.0,False
8838629,165,66,510.0,1300.0,781.0525248484848,650.0,910.0,520.0,False
883930877150990341,5,5,109.0,109.0,109.0,109.0,109.0,109.0,False
892662939259281401,13,13,1500.0,1500.0,1500.0,1500.0,1500.0,1500.0,False
892721989592935461,126,49,300.0,650.0,378.7420634920635,350.0,650.0,300.0,False
8936081,27,27,437.0,600.0,493.037037037037,460.0,589.0,460.0,False
894985131313802009,173,68,471.0,1210.0,679.443641618497,627.0,743.0,1122.0,False
897144549301156856,44,35,800.0,1630.0,1014.8863636363636,850.0,850.0,1500.0,False
900757690500508426,119,60,453.0,957.0,653.2857142857143,795.0,895.0,475.0,False
902324773092897293,23,13,1000.0,1303.75,1235.108695652174,1250.0,1300.0,1000.0,False
904512525045117852,107,43,300.0,887.0,585.0823986915888,607.5,869.0,300.0,False
906701409648697471,144,57,350.0,890.0,577.4722222222222,598.0,698.0,350.0,False
910707550951342167,2,2,2000.0,2000.0,2000.0,2000.0,2000.0,2000.0,False
910815231577364751,137,65,300.0,939.75,539.9087591240876,500.0,750.0,400.0,False
911476333007658783,138,53,150.0,500.0,253.42391304347825,200.0,400.0,150.0,False
912678193847993947,77,77,300.0,349.0,300.6363636363636,300.0,300.0,300.0,False
913929715874853789,161,68,849.0,1550.0,974.0258795031056,899.0,1283.0,949.0,False
914342944500490787,42,42,544.0,1080.0,694.1150785714285,583.0,1042.0,570.0,False
915332897455058900,68,68,836.0,1683.0,1075.0036764705883,928.0,1307.0,1592.5,False
916052715744473224,147,54,1150.0,1500.0,1174.344836734694,1150.0,1500.0,1150.0,False
923133320997277084,139,53,200.0,652.0,427.07553956834533,550.0,550.0,250.0,False
929120660817262874,255,98,599.0,1416.0,745.7176470588236,699.0,699.0,899.0,False
9327293,33,33,900.0,1039.5,922.4090909090909,900.0,950.0,900.0,False
936216057908307884,179,75,225.0,528.0,382.29171318435755,392.0,449.0,500.0,False
939218400123538892,34,34,350.0,550.0,444.11764705882354,350.0,550.0,350.0,False
939325387438995809,179,76,1200.0,1700.0,1394.9720670391062,1200.0,1700.0,1200.0,False
939698664229028471,88,39,250.0,485.0,317.65340909090907,300.0,400.0,250.0,False
942057172413556286,39,39,100.0,100.0,100.0,100.0,100.0,100.0,False
944320965810800803,230,87,800.0,1342.3334,893.8373191304348,900.0,950.0,800.0,False
946451380352813662,49,28,1100.0,1197.5,1105.6377551020407,1100.0,1100.0,1100.0,False
946609581890906389,76,37,350.0,499.0,413.45833342105266,396.16667,499.0,459.0,False
950059146531590785,17,17,377.0,677.0,469.05882352941177,397.0,397.0,377.0,False
956398979498945273,102,39,400.0,622.0,477.11764705882354,500.0,622.0,400.0,False
956676934234107014,62,24,225.0,720.0,542.9516129032259,585.0,716.0,395.0,False
957349094500016515,219,82,400.0,1100.0,677.6940639269407,699.0,700.0,699.0,False
963040775940890055,215,81,471.0,1650.0,714.8837204651163,644.0,935.0,788.3333,False
963916345061155113,105,35,861.0,2400.0,1360.8271438095237,1460.0,2400.0,930.5,True
964579064376617710,185,74,523.0,2090.0,853.2486486486487,743.0,1012.0,1100.0,False
965258538716677226,86,86,590.0,718.0,624.6976744186046,590.0,590.0,690.0,False
965310801955633109,162,63,350.0,650.0,498.24074074074076,500.0,650.0,350.0,False
9658725,10,10,198.0,300.0,282.1,300.0,300.0,198.0,False
966687088388761169,255,97,700.0,911.4,793.5741176470588,850.0,900.0,700.0,False
968213956640500474,224,82,298.5,798.0,512.0744047321429,498.0,698.0,349.0,False
970445468070597218,2,2,570.0,570.0,570.0,570.0,570.0,570.0,False
973272705231391942,45,45,240.0,460.0,301.1111111111111,240.0,350.0,240.0,False
978095320445301654,210,82,700.0,1300.0,908.1928580952382,900.0,1200.0,962.5,False
978244263452010977,126,50,350.0,788.0,516.4404761904761,480.0,680.0,380.0,False
978410400232267791,31,31,360.0,436.5,396.31720451612904,400.0,360.0,400.0,False
9784227,19,19,480.0,480.0,480.0,480.0,480.0,480.0,False
980310639590708922,223,91,459.0,1320.0,664.452167264574,594.0,935.0,836.0,False
980365989956218871,73,73,1247.0,1918.0,1528.623287671233,1582.0,1582.0,1247.0,False
982642009007231841,92,52,200.0,490.0,275.12952902173913,238.0,250.0,200.0,False
983188724209547131,198,74,427.0,1500.0,905.6380471717172,1000.0,1000.0,550.0,False
984846668146064982,151,53,896.0,1333.0,1021.610372847682,974.3333,975.0,1247.0,False
985445004274818605,59,59,150.0,216.5,165.11016949152543,150.0,200.0,150.0,False
985716714802993034,115,48,280.0,603.6667,425.144927826087,500.0,500.0,599.0,False
986245345084467584,231,86,700.0,1300.0,866.7727272727273,800.0,1000.0,700.0,False
986407426689940399,100,43,250.0,525.0,293.35,300.0,525.0,250.0,False
986565062867231257,89,89,230.0,325.0,239.26966292134833,230.0,260.0,230.0,False
991407580891691701,162,67,471.0,1210.0,683.7247944444445,627.0,616.0,1122.0,False
995680028058206783,167,96,3500.0,4068.0,3520.4071856287424,3500.0,3500.0,3500.0,True
996227938456591020,73,73,252.0,500.0,333.5342465753425,350.0,500.0,352.0,False
999226382307972271,227,85,180.0,1000.0,466.67180616740086,500.0,180.0,350.0,False
